{
  "nodeLayouts": {
    "inputs": {
      "x": 353.42476762855813,
      "y": -139.71789785041867,
      "index": -1
    },
    "outputs": {
      "x": 1034.980565611558,
      "y": 841.4607219514637,
      "index": -1
    },
    "parse_postBody": {
      "x": -0.8421260538701603,
      "y": 19.64666632796491,
      "index": -1
    },
    "vector_type": {
      "x": 394.25,
      "y": 882,
      "index": -1
    },
    "extract_topk": {
      "x": 237.5,
      "y": 214.66665649414062,
      "index": -1
    },
    "extract_prompttemplate": {
      "x": 118.24910326415369,
      "y": 437.74743175114133,
      "index": -1
    },
    "create_llm": {
      "x": 267.60763446906253,
      "y": 84.83097468254402,
      "index": -1
    },
    "embed_the_question1": {
      "x": 754.1666259765625,
      "y": 210,
      "index": -1
    },
    "search_question_from_vectordb": {
      "x": 444.99600415548855,
      "y": 297.7540144396183,
      "index": -1
    },
    "generate_prompt_context": {
      "x": 760,
      "y": 502,
      "index": -1
    },
    "execute_langchain": {
      "x": 491.4157478358232,
      "y": 586.0744999785086,
      "index": -1
    },
    "followup_questions": {
      "x": 363.83331298828125,
      "y": 702.6666870117188,
      "index": -1
    },
    "Vector_DB_Lookup_z33e": {
      "x": 394.25,
      "y": 882,
      "index": -1
    },
    "extract_vectorField": {
      "x": 359.9999694824219,
      "y": 882,
      "index": -1
    },
    "create_index": {
      "x": 359.9999694824219,
      "y": 882,
      "index": -1
    },
    "create_embedding": {
      "x": 359.9999694824219,
      "y": 932,
      "index": -1
    },
    "embed_the_question": {
      "x": -65.63520298160142,
      "y": 195.08293706220263,
      "index": -1
    },
    "check_cache_answer": {
      "x": -67.24015178026946,
      "y": 309.43621905245004,
      "index": -1
    },
    "groundness_score": {
      "x": 451.20168463141727,
      "y": 27.647448150791078,
      "index": 8
    },
    "groundness_concat_scores": {
      "x": 440.7263565396688,
      "y": 240.08662395763713,
      "index": 9
    },
    "groundness_result": {
      "x": 493.87921387165,
      "y": 418.29826567142527,
      "index": 19
    },
    "ground_truth_embed": {
      "x": -226.49873107873321,
      "y": 34.36743351555337,
      "index": 7
    },
    "answer_embed": {
      "x": 175.46038289905925,
      "y": 147.47956892196314,
      "index": 10
    },
    "ada_cosine_score": {
      "x": 7.294531923954729,
      "y": 298.5933049482734,
      "index": 11
    },
    "ada_concat_scores": {
      "x": -201.58693065316007,
      "y": 466.87247573931734,
      "index": 12
    },
    "ada_result": {
      "x": -340.80421272308683,
      "y": 646.513298625675,
      "index": 18
    },
    "coherence_score": {
      "x": 774.8709051152972,
      "y": 28.65276345880477,
      "index": 1
    },
    "coherence_concat_scores": {
      "x": 821.3334350585938,
      "y": 303.33339405059814,
      "index": 2
    },
    "coherence_result": {
      "x": 906.6666259765625,
      "y": 479.9999694824219,
      "index": 3
    },
    "f1_score": {
      "x": 1111.0653410596258,
      "y": 26.236848772565622,
      "index": 15
    },
    "f1_concat_scores": {
      "x": 1086.7011734720647,
      "y": 303.9856541447984,
      "index": 16
    },
    "f1_result": {
      "x": 1216.0101742229751,
      "y": 504.784635031858,
      "index": 17
    },
    "relevance_score": {
      "x": 1375.622712392531,
      "y": 36.1533839916743,
      "index": 4
    },
    "relevance_concat_scores": {
      "x": 1367.809168748034,
      "y": 316.47154689446336,
      "index": 5
    },
    "relevance_result": {
      "x": 1505.2410120116567,
      "y": 517.7892394164242,
      "index": 6
    },
    "gptsimilarity_concat_scores": {
      "x": 1699.241372279696,
      "y": 320.73593059202557,
      "index": 13
    },
    "gptsimilarity_result": {
      "x": 1804.2604612738517,
      "y": 507.71335965354797,
      "index": 14
    },
    "gptsimilarity_score": {
      "x": 1639.4098853137355,
      "y": 42.62241814130909,
      "index": 0
    }
  },
  "orientation": "Vertical"
}