{
  "ada_score": 0.840440618325988,
  "coherence_score": 3.0,
  "f1_score": 0.20512820512820512,
  "gptsimilarity_score": 5.0,
  "groundness_score": 1.0,
  "relevance_score": 4.0
}