{
  "nodeLayouts": {
    "inputs": {
      "x": 647,
      "y": 62,
      "index": -1
    },
    "outputs": {
      "x": 361,
      "y": 629.3333129882812,
      "index": -1
    },
    "autogpt_easy_start": {
      "x": 281.6666259765625,
      "y": 492.00006103515625,
      "index": -1
    },
    "system_prompt": {
      "x": 650.666748046875,
      "y": 150.66668701171875,
      "index": 2
    },
    "user_prompt": {
      "x": 50.00006103515625,
      "y": 276.6666564941406,
      "index": 3
    },
    "triggering_prompt": {
      "x": 338.6666259765625,
      "y": 264,
      "index": 4
    },
    "functions": {
      "x": 667.3333740234375,
      "y": 330.66668701171875,
      "index": 5
    },
    "generate_goal": {
      "x": 822,
      "y": 172,
      "index": -1
    },
    "parse_postBody": {
      "x": 254,
      "y": 171.99999237060547,
      "index": 0
    },
    "autogptanswer": {
      "x": 533,
      "y": 519,
      "index": 1
    }
  },
  "orientation": "Vertical"
}